{
  "build": "haa95532_0",
  "build_number": 0,
  "channel": "https://repo.anaconda.com/pkgs/main/win-64",
  "constrains": [],
  "depends": [],
  "extracted_package_dir": "C:\\Users\\admin\\Anaconda3\\pkgs\\ca-certificates-2024.3.11-haa95532_0",
  "features": "",
  "files": [
    "Library/ssl/cacert.pem",
    "Library/ssl/cert.pem"
  ],
  "fn": "ca-certificates-2024.3.11-haa95532_0.tar.bz2",
  "license": "MPL-2.0",
  "license_family": "Other",
  "link": {
    "source": "C:\\Users\\admin\\Anaconda3\\pkgs\\ca-certificates-2024.3.11-haa95532_0",
    "type": 1
  },
  "md5": "501ded4f9b5ed895077802defee912cf",
  "name": "ca-certificates",
  "package_tarball_full_path": "C:\\Users\\admin\\Anaconda3\\pkgs\\ca-certificates-2024.3.11-haa95532_0.tar.bz2",
  "paths_data": {
    "paths": [
      {
        "_path": "Library/ssl/cacert.pem",
        "path_type": "hardlink",
        "sha256": "1794c1d4f7055b7d02c2170337b61b48a2ef6c90d77e95444fd2596f4cac609f",
        "sha256_in_prefix": "1794c1d4f7055b7d02c2170337b61b48a2ef6c90d77e95444fd2596f4cac609f",
        "size_in_bytes": 229654
      },
      {
        "_path": "Library/ssl/cert.pem",
        "path_type": "hardlink",
        "sha256": "1794c1d4f7055b7d02c2170337b61b48a2ef6c90d77e95444fd2596f4cac609f",
        "sha256_in_prefix": "1794c1d4f7055b7d02c2170337b61b48a2ef6c90d77e95444fd2596f4cac609f",
        "size_in_bytes": 229654
      }
    ],
    "paths_version": 1
  },
  "requested_spec": "None",
  "size": 171644,
  "subdir": "win-64",
  "timestamp": 1710764856021,
  "track_features": "",
  "url": "https://repo.anaconda.com/pkgs/main/win-64/ca-certificates-2024.3.11-haa95532_0.tar.bz2",
  "version": "2024.3.11"
}