{
  "build": "hd77b12b_0",
  "build_number": 0,
  "channel": "https://repo.anaconda.com/pkgs/main/win-64",
  "constrains": [],
  "depends": [
    "vc >=14.1,<15.0a0",
    "vs2015_runtime >=14.16.27012,<15.0a0"
  ],
  "extracted_package_dir": "C:\\Users\\admin\\Anaconda3\\pkgs\\expat-2.6.2-hd77b12b_0",
  "features": "",
  "files": [
    "Library/bin/expat.dll",
    "Library/bin/libexpat.dll",
    "Library/bin/xmlwf.exe",
    "Library/include/expat.h",
    "Library/include/expat_config.h",
    "Library/include/expat_external.h",
    "Library/lib/cmake/expat-2.6.2/expat-config-version.cmake",
    "Library/lib/cmake/expat-2.6.2/expat-config.cmake",
    "Library/lib/cmake/expat-2.6.2/expat-release.cmake",
    "Library/lib/cmake/expat-2.6.2/expat.cmake",
    "Library/lib/expat.lib",
    "Library/lib/libexpat.lib",
    "Library/share/doc/expat/AUTHORS",
    "Library/share/doc/expat/changelog",
    "Library/share/man/man1/xmlwf.1"
  ],
  "fn": "expat-2.6.2-hd77b12b_0.tar.bz2",
  "license": "MIT",
  "license_family": "MIT",
  "link": {
    "source": "C:\\Users\\admin\\Anaconda3\\pkgs\\expat-2.6.2-hd77b12b_0",
    "type": 1
  },
  "md5": "448f38c0e083d3a741f969c0b4c13a52",
  "name": "expat",
  "package_tarball_full_path": "C:\\Users\\admin\\Anaconda3\\pkgs\\expat-2.6.2-hd77b12b_0.tar.bz2",
  "paths_data": {
    "paths": [
      {
        "_path": "Library/bin/expat.dll",
        "path_type": "hardlink",
        "sha256": "10f0022df9ff7cae27e0744f3e417a990f05c00bb4415e5d0c3ba6ba8e610f7c",
        "sha256_in_prefix": "10f0022df9ff7cae27e0744f3e417a990f05c00bb4415e5d0c3ba6ba8e610f7c",
        "size_in_bytes": 420112
      },
      {
        "_path": "Library/bin/libexpat.dll",
        "path_type": "hardlink",
        "sha256": "035a527238619934b62ef1543c711eda7339df8b8005f11aec111900aab9cde0",
        "sha256_in_prefix": "035a527238619934b62ef1543c711eda7339df8b8005f11aec111900aab9cde0",
        "size_in_bytes": 420112
      },
      {
        "_path": "Library/bin/xmlwf.exe",
        "path_type": "hardlink",
        "sha256": "bab0f92b578a979d0817f50909bc3963db488cf0502c2037b9cbcdea108b99a8",
        "sha256_in_prefix": "bab0f92b578a979d0817f50909bc3963db488cf0502c2037b9cbcdea108b99a8",
        "size_in_bytes": 248088
      },
      {
        "_path": "Library/include/expat.h",
        "path_type": "hardlink",
        "sha256": "1a434bf3d2f9fb8a0b5adb79201a942788d11824c3e5b46a0b9962c0c482016c",
        "sha256_in_prefix": "1a434bf3d2f9fb8a0b5adb79201a942788d11824c3e5b46a0b9962c0c482016c",
        "size_in_bytes": 44070
      },
      {
        "_path": "Library/include/expat_config.h",
        "path_type": "hardlink",
        "sha256": "9d9218548ade9cffdadba71b9a3b775ebacded634153e9b37c61fa5b98af5fff",
        "sha256_in_prefix": "9d9218548ade9cffdadba71b9a3b775ebacded634153e9b37c61fa5b98af5fff",
        "size_in_bytes": 3578
      },
      {
        "_path": "Library/include/expat_external.h",
        "path_type": "hardlink",
        "sha256": "7ca9ed28dd5e08eac425931894fabd4c876db8f4be26f9b9a33c2e4f70a0d6c3",
        "sha256_in_prefix": "7ca9ed28dd5e08eac425931894fabd4c876db8f4be26f9b9a33c2e4f70a0d6c3",
        "size_in_bytes": 6029
      },
      {
        "_path": "Library/lib/cmake/expat-2.6.2/expat-config-version.cmake",
        "path_type": "hardlink",
        "sha256": "524d8a6ee1be0d5e21956d359f4800d83b9f102250b56def6b888558b56f56fd",
        "sha256_in_prefix": "524d8a6ee1be0d5e21956d359f4800d83b9f102250b56def6b888558b56f56fd",
        "size_in_bytes": 2827
      },
      {
        "_path": "Library/lib/cmake/expat-2.6.2/expat-config.cmake",
        "path_type": "hardlink",
        "sha256": "275dd795ba90ff99bb31fffd6c495c8037124ab1c80a0edef671d5b6ce02ef89",
        "sha256_in_prefix": "275dd795ba90ff99bb31fffd6c495c8037124ab1c80a0edef671d5b6ce02ef89",
        "size_in_bytes": 3736
      },
      {
        "_path": "Library/lib/cmake/expat-2.6.2/expat-release.cmake",
        "path_type": "hardlink",
        "sha256": "da895f346e9e2047ea6e83323d21dd7b1ec607567cc0ba7284b053f6e12de165",
        "sha256_in_prefix": "da895f346e9e2047ea6e83323d21dd7b1ec607567cc0ba7284b053f6e12de165",
        "size_in_bytes": 904
      },
      {
        "_path": "Library/lib/cmake/expat-2.6.2/expat.cmake",
        "path_type": "hardlink",
        "sha256": "fbbf4735654c7a42349b122d8ee9c459a6c4f59ce09bee38666746fd8e538300",
        "sha256_in_prefix": "fbbf4735654c7a42349b122d8ee9c459a6c4f59ce09bee38666746fd8e538300",
        "size_in_bytes": 3984
      },
      {
        "_path": "Library/lib/expat.lib",
        "path_type": "hardlink",
        "sha256": "493eb5d8ee869fb63466160d3dd330af3678391710a54ccd0cc39f56dadd4e27",
        "sha256_in_prefix": "493eb5d8ee869fb63466160d3dd330af3678391710a54ccd0cc39f56dadd4e27",
        "size_in_bytes": 18206
      },
      {
        "_path": "Library/lib/libexpat.lib",
        "path_type": "hardlink",
        "sha256": "493eb5d8ee869fb63466160d3dd330af3678391710a54ccd0cc39f56dadd4e27",
        "sha256_in_prefix": "493eb5d8ee869fb63466160d3dd330af3678391710a54ccd0cc39f56dadd4e27",
        "size_in_bytes": 18206
      },
      {
        "_path": "Library/share/doc/expat/AUTHORS",
        "path_type": "hardlink",
        "sha256": "59f14371c6b75912cfebb46e6247ee5146766e803a0365b124e5d3011e7d0877",
        "sha256_in_prefix": "59f14371c6b75912cfebb46e6247ee5146766e803a0365b124e5d3011e7d0877",
        "size_in_bytes": 142
      },
      {
        "_path": "Library/share/doc/expat/changelog",
        "path_type": "hardlink",
        "sha256": "1f6e59f027cc36db04e0594b82c6a5a2b08158f0593a8135f3b23111027862b0",
        "sha256_in_prefix": "1f6e59f027cc36db04e0594b82c6a5a2b08158f0593a8135f3b23111027862b0",
        "size_in_bytes": 74895
      },
      {
        "_path": "Library/share/man/man1/xmlwf.1",
        "path_type": "hardlink",
        "sha256": "93ca542642f5be23852b73a4fffaaf52bc74693f4ab68d1fb57766f048eadc28",
        "sha256_in_prefix": "93ca542642f5be23852b73a4fffaaf52bc74693f4ab68d1fb57766f048eadc28",
        "size_in_bytes": 10944
      }
    ],
    "paths_version": 1
  },
  "requested_spec": "None",
  "size": 441123,
  "subdir": "win-64",
  "timestamp": 1713531146911,
  "track_features": "",
  "url": "https://repo.anaconda.com/pkgs/main/win-64/expat-2.6.2-hd77b12b_0.tar.bz2",
  "version": "2.6.2"
}