{
  "build": "h2eaa2aa_1",
  "build_number": 1,
  "channel": "https://repo.anaconda.com/pkgs/main/win-64",
  "constrains": [],
  "depends": [
    "vs2015_runtime >=14.29.30133"
  ],
  "extracted_package_dir": "C:\\Users\\admin\\Anaconda3\\pkgs\\vc-14.2-h2eaa2aa_1",
  "features": "",
  "files": [],
  "fn": "vc-14.2-h2eaa2aa_1.tar.bz2",
  "license": "BSD-3-Clause",
  "license_family": "BSD",
  "link": {
    "source": "C:\\Users\\admin\\Anaconda3\\pkgs\\vc-14.2-h2eaa2aa_1",
    "type": 1
  },
  "md5": "e509c495aaa92d767d554cd43a990ee5",
  "name": "vc",
  "package_tarball_full_path": "C:\\Users\\admin\\Anaconda3\\pkgs\\vc-14.2-h2eaa2aa_1.tar.bz2",
  "paths_data": {
    "paths": [],
    "paths_version": 1
  },
  "requested_spec": "None",
  "size": 8900,
  "subdir": "win-64",
  "timestamp": 1715797316229,
  "track_features": "vc14",
  "url": "https://repo.anaconda.com/pkgs/main/win-64/vc-14.2-h2eaa2aa_1.tar.bz2",
  "version": "14.2"
}